-4.244897959183672,6.650046715512474,1.35,3.428963332490933,6.052341310420489,16.179197192605397,1587.9385714285713,23.759849524825277,1.9042857142857141,14.807417604171436,8.285714285714285,2.7105237087157534,1,9.343566531876139,14673.28
-6.444444444444445,6.963012214167817,1.3416666666666666,3.3448228615742237,3.5848704553481268,14.89751712761875,1550.7616666666665,25.501873197585024,1.9166666666666665,15.798351233635847,8.333333333333332,2.9249881291307074,1,9.561112792302866,16465.87
-11.021173317571423,8.942982690826879,1.280784708249497,14.653631334335223,2.6055550030819226,16.003659560676535,1794.3566700201206,22.087403718836814,1.850120724346076,6.9757274683249495,7.463782696177061,2.871001931312477,1,7.111154264961627,97.83
-8.006505835819747,8.138770345550837,1.308953722334004,11.98187313285555,3.4964212552818092,15.923309878781176,1758.0589336016096,21.729068533246867,1.837696177062374,6.716532809979577,7.75553319919517,2.7191833916285004,1,7.303332696843514,65.90
-3.9830625276028684,6.757913890036239,1.341273821464393,7.621662362519116,6.6551130700563945,15.443698189741932,1716.410872617853,20.99829925793604,1.8234403209628884,6.306418855760841,8.09027081243731,2.4920889126043675,1,7.513415578935498,32.85
-17.305061758883273,10.751286649958582,1.4456237424547282,13.478564501202243,1.404352215547939,15.73948117944589,1544.0408450704222,22.50072610673387,1.684547283702213,17.27636729776607,7.09255533199195,3.0276201565471723,2,6.973269818572722,13.95
-6.123456790123457,5.859757983863561,1.35,4.276668660663897,3.516656608041594,13.145944881599345,1638.0788888888887,26.93800881952006,1.7622222222222224,6.63811964098454,7.0,2.581988897471611,2,6.528552137791287,18.39
-5.63265306122449,6.164341612429182,1.3571428571428572,3.64642275277658,4.635731579149731,16.179197192605397,1613.8914285714286,22.62949963870452,1.7628571428571427,7.963123822715231,7.7142857142857135,2.4907993963089563,1,7.127849319754035,13.45
-12.740740740740742,8.235373014854682,1.3611111111111112,3.3658005107082904,2.4569184496732053,18.26874161194955,1713.4711111111114,21.96903227268648,1.7233333333333336,8.457721899062067,7.0,2.581988897471611,2,6.616081388732395,13.45
-15.440000000000003,8.589318017165278,1.35,4.057204129667899,1.9058033842901918,17.992128416487095,1635.4710000000002,26.105736283529442,1.7120000000000002,8.317396033330633,6.6000000000000005,2.727636339397171,0,6.132386632098765,12.83
-18.284999999999997,7.982795527727112,1.3249999999999997,4.847257576854765,1.275080543343227,15.969393725888619,1459.97075,32.78569300709731,1.6865,7.76683040809296,5.7,2.8301943396169813,1,5.1311525877551025,11.15
-3.510204081632653,6.265999334875764,1.3642857142857143,4.253423248500498,8.345425567353773,16.179197192605397,1810.6057142857142,31.642022374696843,1.8499999999999999,9.0726197020692,7.571428571428569,2.5555062599997598,1,7.61855434806732,15.56
-3.724192661129597,6.2883745867336795,1.3617117117117117,4.1808895334725245,7.712970946797276,16.155459718541387,1778.0112912912912,30.889688911401365,1.8406906906906906,8.767590691673414,7.618618618618617,2.57882609683775,1,7.522773815614936,15.54
-3.953335430073709,6.3056129757737285,1.3590361445783135,4.094242878082724,7.091406215905771,16.07374173787566,1744.1307630522087,29.889180703663737,1.8310140562248995,8.399049177345836,7.667670682730924,2.6019376074834852,1,7.4218895859669995,15.51
-4.202585531785012,6.3167132907935715,1.3562124248496992,3.989410163559634,6.466446462523522,15.907401628027031,1708.3741883767534,28.540388524549353,1.8208016032064127,7.943767415815197,7.719438877755511,2.6251143473084046,1,7.3139247526346445,15.49
-4.476299291970715,6.319887577276901,1.3532064128256511,3.8612967036721617,5.820769749396737,15.599211568211189,1670.3092585170339,26.686786193139454,1.8099298597194386,7.368360736049445,7.774549098196393,2.648452784437922,2,7.197266616803975,15.46
-17.240000000000002,10.977664596807463,1.3850000000000002,5.366811822136644,2.1017301543443443,19.144757680815893,1892.6240000000003,26.348239023070157,1.745,12.837827414610212,6.600000000000001,2.615339366124404,2,6.9151951016657085,16.37
-0.7100000000000009,4.940735851065102,1.365,2.6159078492830914,35.242084332641824,14.31671426693329,1747.739,17.569689394651782,1.8215000000000001,5.663667573860098,8.4,2.0591260281974,0,7.903214391810801,16.94
0.17586813115917432,5.182179926777755,1.3632530120481927,2.6755414057835747,141.2778769532156,14.4289078158591,1721.9789959839354,18.501035529526018,1.823293172690763,5.682868899828665,8.473895582329316,2.1397747144160713,0,7.885872474709533,16.29
-5.196053556859143,5.238793347841363,1.3583249749247743,2.9408342349203114,4.629988021372047,13.932167305741517,1726.771233701103,18.25759440094969,1.8242527582748242,5.9470414831096825,8.335005015045134,2.2106036801895375,1,7.711464088131467,15.78
-1.4991540617661179,5.638186560699257,1.3591457286432158,3.060627606543185,16.59925365954638,14.695343389657646,1693.3825829145726,20.417931314694638,1.8155577889447232,6.017758920696985,8.275376884422109,2.336631328105863,0,7.6251087938386,16.03
-4.600000000000001,5.43742586156354,1.36,3.2050727526034337,5.455155490923681,14.534240623500711,1726.524,20.013065164480132,1.8070000000000002,6.152741238450683,8.0,2.280350850198276,0,7.492222617960426,17.22
-7.052341630920208,5.449870018404591,1.3499999999999999,3.209106450061948,3.1371050406555883,13.09072620220523,1690.0465365365362,19.90615069181868,1.8174274274274271,5.954833162118183,7.997997997997997,2.26387303467158,2,7.463703574832117,31.17
-8.409420042489788,5.87375520249811,1.3499999999999999,3.311863363045659,2.682359251823301,13.472870210374298,1674.2598496993987,20.574775556386317,1.821382765531062,6.3672707217723445,8.200400801603205,2.4811755891689597,2,7.394692057180572,14.36
-7.26958124666166,5.594219087122237,1.35,3.3118633630456653,3.1227746818201667,13.472870210374296,1684.9612525050102,20.56980646213725,1.8133567134268538,6.091977363344003,7.932865731462925,2.321482406812141,2,7.381733779112039,29.14
-3.5929332631797104,6.098220955853031,1.3535105315947844,3.484524049562542,6.846256017665094,14.870578017997424,1654.1482748244734,22.752650302100065,1.8049448345035106,6.4108865553375125,8.003009027081244,2.5574621818030496,2,7.27942697898777,15.66
-8.448291156594248,5.99464258923249,1.35,3.4255188682037057,2.7401147477522194,13.859278853456585,1670.3096485943774,21.317308216914764,1.8151907630522088,6.47193393517279,8.075301204819276,2.519273579249975,2,7.299323806106899,14.75
-8.469999999999999,5.6428243593080225,1.355,3.6715403583270088,2.882458286874823,14.31671426693329,1705.3090000000002,22.220681748709175,1.7925,6.51998075310728,7.6,2.4166091947189146,2,7.097343795699653,17.51
-8.447249311886065,6.096991349610784,1.35,3.5575092343315675,2.8054558788444335,14.225026271857104,1665.9642512562814,22.16982694756934,1.807748743718593,6.574302820008669,7.923618090452262,2.555159323942054,2,7.185941105878746,15.24
-6.498498522764577,5.663299390537264,1.3577386934673368,3.7796976402487075,3.6748678381819806,14.225026271857104,1678.8104824120603,22.20046924635623,1.7953668341708546,6.209790415141421,7.614070351758795,2.401382142861826,2,7.0515633708120875,13.78
-7.212169389661877,5.6345864954913525,1.3577386934673368,3.779697640248708,3.4238708623720733,14.225026271857104,1735.922040201005,23.878454253888137,1.7690552763819096,6.7804195259744375,7.304522613065328,2.4598749096441246,2,6.950967666839557,15.12
-7.6862907502335815,5.901389571717867,1.35,3.5575092343315675,3.0946593759387344,14.225026271857104,1672.1552060301508,22.166736484993553,1.8031055276381909,6.394205118428065,7.768844221105527,2.4529408400280794,2,7.178888982080772,23.93
-8.280552791775529,6.167941841590848,1.35,3.7018458135924663,2.9143143749371996,14.531942927761259,1660.626810431294,23.12013685330977,1.7992778335005015,6.659040223541115,7.752256770310933,2.585703969389914,2,7.059245211996256,15.80
-7.130253347806711,5.913269257012707,1.3542126379137414,3.8301853734106084,3.398722937629829,14.531942927761259,1667.6197893681046,23.13799145628253,1.7925376128385158,6.447363004214066,7.5837512537612835,2.4973921745154337,2,6.987079793910805,15.01
-4.777777777777777,6.312506366374168,1.3499999999999999,3.703703703703698,5.081563879463958,14.89751712761875,1629.7066666666665,24.06889616902383,1.7983333333333333,6.621805626652917,7.833333333333332,2.6718699236468995,1,7.070826439919445,15.42
-7.551094607795301,5.8974809170444775,1.3542126379137414,3.8301853734106084,3.269134390688696,14.531942927761259,1698.7090571715146,24.1505922115,1.7782146439317954,6.774852335263826,7.4152457372116345,2.5308702411080586,2,6.932549080937581,15.74
-7.831655447787695,6.050354462999882,1.35,3.701845813592466,3.0876113544191686,14.531942927761259,1663.996920762287,23.118468397539495,1.796750250752257,6.553546697227218,7.668004012036109,2.5267097408145105,2,7.055551005333827,20.57
-4.493805711976969,6.410535199918796,1.3499999999999999,3.869364190374499,5.287997500463147,14.695343389657646,1617.0587336683413,25.19767636411293,1.7908643216080398,6.7957906712250535,7.726633165829144,2.766934014447591,2,6.927662489922373,10.86
-5.02618822757001,6.5103904897599785,1.3454271356783918,3.7007169460619274,4.617715428680671,14.695343389657646,1579.3783316582912,23.495754770521806,1.8109849246231153,6.431783496006495,8.001005025125627,2.7306190501349086,2,7.0601230771797985,16.13
-7.954292063331734,6.176868135770619,1.35,3.8693641903745073,3.0567875496877916,14.695343389657646,1654.577256281407,24.21702417220252,1.789035175879397,6.718161662512445,7.543718592964824,2.605916777732622,0,6.908530006073734,16.50
-5.5585707431630516,6.490675399534776,1.345427135678392,3.7007169460619243,4.2646648985776485,14.69534338965765,1613.1260703517587,25.15453846871826,1.7954371859296483,6.906703939653585,7.8180904522613055,2.790881486055136,2,7.000986375270363,16.92
-3.894875381934799,6.262477278518905,1.35,3.8693641903745073,6.114956419954646,14.695343389657648,1620.717025125628,25.21222258369612,1.7881206030150756,6.67187025534138,7.635175879396985,2.706138349763628,2,6.923842050098808,16.07
-9.964014410332297,5.954551334043862,1.3499999999999999,3.9604185166197814,2.400002369433929,14.330620228890357,1668.7106218655965,24.25376873228752,1.7837512537612836,6.755211814794924,7.379137412236709,2.553084561959527,0,6.816897796603594,17.12
-7.920000000000001,6.26375478447233,1.35,4.057204129667899,3.0152511711484764,14.534240623500711,1643.071,25.471035492882987,1.78,6.876000575637859,7.4,2.6907248094147422,2,6.739567092592592,11.51
-8.320000000000002,6.466064026902301,1.3450000000000002,3.8811548360262247,2.798314730986503,14.534240623500711,1601.871,23.86820909329965,1.802,6.579245431866338,7.700000000000001,2.6851443164195103,2,6.882307665245201,17.38
-8.920000000000002,6.434984382265432,1.345,3.881154836026228,2.6702121121989775,14.53424062350071,1638.7710000000002,25.444544185553212,1.7850000000000001,7.020705403094257,7.500000000000001,2.7294688127912363,2,6.818295653099228,18.28
-7.279999999999996,6.093450910608862,1.3499999999999996,4.057204129667895,3.2883140436799376,14.534240623500708,1647.0709999999997,25.468836306138588,1.7769999999999995,6.724993699162177,7.299999999999999,2.6095976701399772,2,6.735611353065539,17.33
-6.254915243302525,6.533141176965361,1.345180722891566,3.9604307137439303,3.789989547344659,14.851998536338307,1596.1530923694777,25.731210417609933,1.7892570281124494,6.8732590109238965,7.600401606425702,2.804714877046065,2,6.792497667636473,15.08
-7.0656397565718025,6.629506326480669,1.3422613065326632,4.094523811912871,3.297171986161905,14.783747709024322,1575.8270452261304,26.66513328268834,1.7837587939698492,7.005570239454539,7.459296482412059,2.873042529168292,2,6.628246498290519,14.87
-7.429011206135958,6.6660111647549245,1.3408726178535606,4.153177431570856,3.107736953059342,14.741428063886614,1566.158485456369,27.091322122201134,1.7811434302908724,7.063445702830815,7.392176529588767,2.9025736473456774,1,6.551234728597749,14.76
-10.160310419724569,6.498252328456882,1.3415747241725176,4.261818042820734,2.279393570255065,14.531942927761259,1593.6854663991976,27.14116177907385,1.7740020060180544,7.063609485886067,7.162487462387162,2.795554041382163,2,6.4481867844833545,15.82
-8.067021976931887,6.718368566017627,1.338288288288288,4.254065654556532,2.81088721167131,14.646683353224178,1548.1654354354353,27.854692076512123,1.776276276276276,7.162706617866191,7.2672672672672665,2.9526865728751632,2,6.409792369127959,14.56
-8.671821418651042,6.751499506407051,1.3356281407035175,4.347260433471657,2.56270761436923,14.528436246140302,1529.6445125628143,28.60122107580812,1.7712663316582913,7.253662413618743,7.138693467336683,2.9979658600453614,2,6.266693483136531,14.35
-11.634813262291356,6.582173474660206,1.3345226130653267,4.505173335409786,1.8865019965731415,14.225026271857104,1542.9917688442213,29.25319052272281,1.761316582914573,7.2714567961413925,6.8402010050251265,2.905131823923116,2,6.080303659621205,15.22
-9.409863387288201,6.76339539502254,1.3320100502512564,4.457686334638361,2.291993929367112,14.33566541983354,1504.454040201005,29.55451757593525,1.7644522613065325,7.3595443381638965,6.963819095477387,3.0497874524238564,0,6.076006525170822,14.06
-9.784808093140189,6.753417985263114,1.3299599198396792,4.512292034423495,2.1642381712102807,14.210800833552353,1490.1802805611223,30.063451522085487,1.7605911823647293,7.410573553992481,6.864729458917836,3.0743522505521157,0,5.9699203009150565,13.89
-10.277998883538618,6.717260505087003,1.3269539078156312,4.582352945649868,2.002466249810712,14.008049924925645,1469.2513226452904,30.769068694444922,1.7549298597194387,7.473804142613541,6.719438877755511,3.104306092898759,0,5.816868127306641,13.63
-10.5625,6.680235723116831,1.3250000000000002,4.621678759968257,1.9106432752932025,13.864049912691398,1455.6475,31.201747212456,1.7512499999999998,7.507551515089124,6.625,3.119995993587171,0,5.718941270675529,13.45
-10.855454395765479,6.624531237530057,1.3227454909819638,4.661102309837644,1.815444757698991,13.68621624264103,1439.9507815631264,31.675312649242887,1.747004008016032,7.5393044598770125,6.516032064128256,3.134468579124855,1,5.6074386759996,13.25
-18.857142857142854,11.6219607143322,1.3142857142857143,7.5306556850820705,1.4052907486405084,16.179197192605397,1637.8914285714286,22.20587618449266,1.812857142857143,6.390271058380861,7.285714285714285,2.813959371941744,2,6.063096627312776,14.32
-7.2315547587182145,7.699683688266823,1.3681909547738695,2.591349016118321,3.7944068343654673,15.543561352823025,1765.326502512563,16.871320522067105,1.796110552763819,7.084939684061737,8.004020100502514,2.333497368639017,0,7.462676919150646,15.91
-16.588187833309355,9.841450242618569,1.3700601805416248,2.9137138527516386,1.654381134304384,15.596723616573165,1759.5480742226678,17.933485284076507,1.7420661985957873,8.819507784141704,7.135406218655966,2.752717297151226,1,6.534076954816196,13.08
-15.895453202110046,9.769729397511227,1.369215291750503,2.937490419924682,1.7342238449759053,15.7128569780866,1754.3769416498994,18.167543891794054,1.7472837022132799,8.703134723353026,7.2152917505030185,2.741720216188276,1,6.601876558872553,13.30
-15.037600060604529,9.655615938659928,1.3683417085427134,2.955898997460463,1.8399557409945777,15.818888257867872,1749.081105527638,18.389184023483438,1.7531658291457286,8.56111356067664,7.306532663316583,2.725555134582068,1,6.681344804417278,13.54
-14.036865053500074,9.494871806869702,1.3674044265593561,2.974048015780128,1.9758573765296394,15.908487692601952,1743.3991146881287,18.621304790220762,1.7594768611670017,8.393326854239131,7.4044265593561365,2.7046834190943634,1,6.768240740733205,13.80
-12.885145039578152,9.281047599836437,1.3664829659318634,2.9858071656898506,2.1539840277473203,15.970423926577956,1737.862234468938,18.829707574812367,1.7661523046092182,8.199459478607467,7.509018036072143,2.6776404453145157,1,6.863602697862766,14.07
-11.58050111534397,9.004465055315299,1.3654426559356136,3.0022770216802805,2.392921541201262,16.003659560676535,1731.5558651911467,19.074590314310473,1.7731589537223336,7.973120988337319,7.617706237424546,2.645509533981621,1,6.964253513239573,14.36
-10.088125047347287,8.646774605834898,1.3642713567839193,3.022959802878903,2.734212183233628,15.995697825300631,1724.405819095477,19.35631522104802,1.7805728643216077,7.706671377124641,7.731658291457285,2.6071707771307806,1,7.071643683427793,14.65
-8.388572886008202,8.195211880497144,1.36317907444668,3.031378227631823,3.260816447556827,15.923309878781176,1717.8335814889335,19.584430710053848,1.7884004024144868,7.398498424024553,7.854124748490945,2.5583429796138013,2,7.191199758045287,14.97
-6.366736020386766,7.582073662182969,1.3618975903614454,3.043799565751563,4.232037021643455,15.756280961162533,1710.0648694779115,19.85947739266099,1.7970281124497989,7.016298885246264,7.987951807228914,2.497761130361373,2,7.324782677530411,15.31
-4.128835855610966,6.7901144513491785,1.3605817452357072,3.0535207638789625,6.3665722728121175,15.443698189741932,1702.0879037111335,20.131926894991363,1.8058876629889669,6.572878980608297,8.125376128385156,2.4263117999969146,0,7.466021547923946,15.65
-14.381584303426683,8.078467896064739,1.3590452261306534,3.6202307840566057,1.866017488618087,15.543561352823025,1726.521175879397,21.304383201910372,1.7695879396984924,7.5119819613350876,7.272361809045226,2.5256851301442746,0,6.769321576112814,16.36
-13.795918367346937,9.21938311651526,1.3571428571428572,3.64642275277658,1.9633953614678732,16.179197192605397,1674.1771428571428,22.646370427074352,1.7614285714285716,8.094063227818097,7.285714285714285,2.813959371941744,2,6.5762196566058195,13.89
-13.416666666666668,8.281054184733598,1.354166666666667,3.830738337842685,1.983704082429736,15.85804151455942,1678.309166666667,23.337725039691033,1.7683333333333335,7.582936507261328,7.25,2.6809513236909024,0,6.633424466688194,15.50
-15.487755506884364,8.191867799891831,1.3543259557344065,3.9128618783629854,1.6980096889045,15.540885638688282,1692.204647887324,23.30147309352194,1.762686116700201,7.602814389247841,7.087525150905433,2.618880778320688,0,6.542610428082479,16.03
-13.9375,8.76069380011509,1.35625,3.4176029894450037,2.1557123762855186,17.289438964931936,1737.78,22.589220152917864,1.745,8.0382579593728,7.0,2.7386127875258306,2,6.516947896307935,14.96
-7.0572318761701345,6.236100916840281,1.3567201604814443,2.640966383486493,4.03135377093604,15.596723616573165,1824.1137713139417,20.10210141404107,1.7660782347041124,7.046327721190624,7.402206619859577,2.4698208823737273,2,7.181892879767165,17.69
-6.82067455032003,6.246712157798718,1.356841046277666,2.679104866170081,4.1795482171481355,15.7128569780866,1814.2682897384307,20.240475155672843,1.7695573440643861,7.01273264732414,7.46277665995976,2.47220417793574,2,7.209588766132586,17.56
-6.510542663064064,6.245522034139225,1.357035175879397,2.71509761597087,4.3827660517164535,15.818888257867872,1803.8047236180903,20.347230830390078,1.7735175879396983,6.967163181179956,7.532663316582914,2.4714832773380975,2,7.243957475432787,17.43
-6.146885336161841,6.233683017080873,1.3572434607645876,2.7530865093248194,4.639293967647712,15.908487692601952,1792.5781891348088,20.444626007757524,1.7777665995975853,6.910372553358325,7.607645875251508,2.468510309933824,2,7.281074345484045,17.28
-5.713671832643241,6.20597991311607,1.35751503006012,2.7870905015767335,4.978863094307302,15.970423926577956,1781.2670440881761,20.499615430448596,1.7822945891783564,6.840133023281377,7.688376753507013,2.461341417497308,2,7.323268966909027,17.14
-5.235258634300772,6.167651796904942,1.3577464788732394,2.8278679123513712,5.407060247195836,16.003659560676535,1768.805362173038,20.565177618520462,1.7870120724346072,6.757449769393493,7.771629778672031,2.452600959913775,1,7.365100581102455,16.98
-4.699024772101714,6.116101046758263,1.357939698492462,2.875678454787262,5.974274992991576,15.995697825300631,1755.0510452261303,20.635481706625725,1.7919698492462308,6.659783971691416,7.858291457286431,2.4418913288240978,1,7.406997674571752,16.81
-4.058479650539048,6.038654269279406,1.3582494969818915,2.914210667931903,6.833473503293463,15.923309878781176,1741.692736418511,20.624644977092764,1.7972736418511064,6.540656562552906,7.952716297786719,2.423638132390361,1,7.457180169262194,16.64
-3.3096401670940767,5.936978571940081,1.3585341365461847,2.961721571584924,8.218645987133428,15.756280961162533,1726.3439859437751,20.604709046472358,1.8030823293172686,6.394442068961455,8.055220883534135,2.401046218459431,2,7.50998191436698,16.44
-2.4784282637279946,5.809019467770146,1.358826479438315,3.0095309120934206,10.65906727776014,15.443698189741932,1710.5833901705118,20.540962144896717,1.8090471414242728,6.225470324398959,8.160481444333,2.3730184615301684,0,7.564729150948223,16.24
-7.755102040816326,6.618626118576799,1.35,3.428963332490933,3.5649021694646206,16.179197192605397,1708.7485714285715,24.084451227372753,1.7742857142857142,7.044973544034574,7.428571428571428,2.664965443739661,2,6.922028553103188,16.42
-6.5600000000000005,6.63148852068674,1.34,3.6559548399748927,3.2504423562575866,13.381611359171915,1593.4480000000003,26.38378747029871,1.792,7.227801276201862,7.800000000000001,2.925747767665559,2,6.918889191489362,18.72
-10.17283950617284,6.624275743541278,1.338888888888889,3.8479744794587982,2.0929874222518468,13.145944881599345,1619.6344444444444,26.8793618545064,1.7800000000000002,7.367908454271907,7.444444444444445,2.8717439962933526,0,6.7080990923777355,20.50
-16.666666666666664,9.73633895754951,1.3499999999999999,3.703703703703698,1.4760817510455722,14.89751712761875,1651.3733333333332,24.5280481693176,1.75,8.628382211737996,7.166666666666667,3.0230595245361758,1,6.385100199004976,16.40
-10.382872856889403,4.552630118346602,1.359036144578313,4.382809627725762,2.1845537632823127,12.59438468713351,1800.9568975903612,28.939311559627317,1.807168674698795,8.621946386116749,6.91164658634538,2.1935065039177135,1,7.098983266873866,27.43
-10.440000000000003,4.5717287758571175,1.3600000000000003,4.591910292939998,2.238234293187782,12.946558646037076,1804.8940000000005,30.320407692955158,1.8000000000000005,8.992452253465913,6.700000000000001,2.193171219946131,1,6.95097862616942,23.90
-10.271604938271606,4.459973041401988,1.3611111111111112,4.829452884162947,2.315210407146195,13.145944881599345,1808.9933333333333,31.880037870955825,1.7911111111111113,9.395754687421928,6.444444444444445,2.1659542988464366,1,6.774827174887891,19.56
-9.6875,4.088983687624133,1.3625,5.108040699844052,2.428263777403735,12.967079223698953,1814.1175,33.70772602519723,1.7800000000000002,9.851504447612461,6.125,2.0879116360612584,1,6.562350783737826,14.01
-6.620503436085591,3.3443041828857756,1.3834002006018058,3.4015889097559917,4.378323591095656,14.330620228890359,2022.7112236710132,24.392797594638065,1.8748946840521565,8.960341841602764,7.573721163490472,1.8639351537151758,0,8.31984335649458,18.27
-7.258456793346212,3.8776491189331423,1.3681362725450903,3.0226525217741584,3.384876848823289,13.422755946902042,1830.397755511022,18.201994154950373,1.8131863727454909,6.528761060129288,7.842685370741483,1.9529284324139158,0,7.7132275255700975,18.99
-11.45738743971112,5.349236203949136,1.357638190954774,4.042445223177196,2.2142679211157352,14.225026271857104,1783.4571959798996,26.944276482777557,1.8276080402010053,8.21796535571705,7.541708542713568,2.437772089280242,1,7.349395296383274,16.16
-9.697787429610363,4.686724425878761,1.3653768844221106,4.156539242319042,2.634875597006009,14.225026271857104,1796.3034271356782,26.72123740312202,1.8152261306532664,8.050353596224683,7.232160804020101,2.22353127048519,1,7.216420288464593,14.78
-10.269595212242116,4.661498998416271,1.3653768844221106,4.156539242319042,2.5672751757320986,14.225026271857104,1853.414984924623,26.97106893543028,1.7889145728643219,8.72427965072941,6.922613065326634,2.2342786782517985,1,7.117646176736131,16.06
-10.696428878058637,5.118136983334039,1.357638190954774,4.042445223177196,2.380027227037791,14.225026271857104,1789.6481507537687,26.823300073969424,1.8229648241206031,8.11981110014176,7.3869346733668335,2.304906314003987,1,7.342236744746187,24.46
-11.527710513687504,5.368267540933378,1.3583249749247743,4.203883973204458,2.254832373035819,14.531942927761259,1788.68407221665,27.977324819883425,1.820922768304915,8.485548995804804,7.336008024072218,2.4269543948826744,1,7.238716996716148,16.78
-10.489635405715644,4.981578676054542,1.3625376128385156,4.2690388434307565,2.4876628609831504,14.531942927761259,1795.6770511534608,27.850715848813017,1.814182547642929,8.390018869724734,7.167502507522569,2.302374832831592,1,7.167347502042725,16.03
-10.826308413706514,4.96857953533417,1.3625376128385156,4.269038843430756,2.4520328513668557,14.531942927761259,1826.7663189568707,27.99680980692319,1.7998595787362084,8.775053478120102,6.998996990972919,2.308459649821833,1,7.11388631079702,16.73
-11.07881316969967,5.228417655187234,1.3583249749247743,4.203883973204457,2.3506154229103373,14.531942927761259,1792.054182547643,27.90878435337652,1.81839518555667,8.429295307088937,7.251755265797391,2.349119946245914,1,7.234955478692374,21.32
-11.442567611928993,5.286963677846913,1.3590452261306534,4.384931476895396,2.303612156807223,14.69534338965765,1793.713638190955,29.109079548999606,1.8125527638190955,8.762688957481704,7.091457286432162,2.391920526682376,1,7.105235723145414,17.53
-11.60493827160494,5.337509784166772,1.3574074074074076,4.335674920073857,2.2295072341889157,14.585831802272995,1773.864814814815,28.481995869336153,1.8062962962962965,8.480996133249205,7.111111111111112,2.408831487630978,1,7.036321339398045,17.58
-11.780132578506798,5.387279864533691,1.3556224899598392,4.277180997878243,2.1462247976051816,14.428907815859098,1752.2332931726905,27.69153460213145,1.7994779116465862,8.141198362470156,7.132530120481928,2.4269458768694037,1,6.960588738920098,17.64
-11.956385717326437,5.43192415812774,1.3538076152304608,4.2123132645891275,2.0574088825413877,14.21721403529069,1730.2387174348696,26.756615577780185,1.7925450901803606,7.755579741248618,7.154308617234468,2.445034326684028,1,6.882904045431735,17.69
-12.325598872145417,5.5026193171447515,1.355855855855856,4.481397963657248,2.1251030259946,14.609026564398127,1792.9440640640642,30.276127063818915,1.8113613613613613,9.112950208884254,7.0190190190190185,2.4699674852144624,1,7.0513598115164005,18.94
-12.139418697977254,5.47200502175957,1.3519019019019018,4.1380277840430715,1.956178685665961,13.910298347172672,1707.1432632632634,25.608083724238362,1.7852652652652654,7.299494283294326,7.177177177177177,2.4636780124416884,0,6.800581898699611,17.76
-11.720000000000002,5.231418927977382,1.3599999999999999,4.591910292939999,2.228369434379239,14.534240623500711,1796.8939999999998,30.49839920715347,1.806,9.149458500879224,6.9,2.4269322199023193,1,6.959101993065366,12.97
-12.080000000000002,5.575538000946636,1.355,4.504264064846382,2.1123906504334813,14.534240623500711,1755.694,30.355705843803253,1.8280000000000003,8.690285970376625,7.200000000000001,2.481934729198171,1,7.099241588410297,18.47
-11.080000000000002,5.026034619856891,1.3599999999999999,4.591910292939998,2.3623309326190145,14.53424062350071,1800.894,30.410024499942,1.803,9.073094667932228,6.800000000000001,2.315167380558045,1,6.9550361411161,18.43
-16.510439635362744,7.028548794413509,1.3590452261306534,4.384931476895396,1.584765232538513,14.69534338965765,1780.5076080402011,27.814584900312063,1.7618994974874373,7.140519675506433,7.001005025125629,2.449694677924195,1,6.950894916802544,21.56
-14.635601890928548,6.399850703416986,1.3547141424272815,4.24541137660399,1.6982015102678505,14.330620228890357,1734.3423269809425,26.42597048914987,1.769608826479438,6.983910763858009,7.0962888665997985,2.4671881405293608,1,6.841484838826494,19.84
-13.288708127546963,5.89732606976068,1.3519019019019018,4.1380277840430715,1.7840896265005035,13.910298347172672,1704.3664864864866,25.22999934912734,1.7746146146146147,6.867032089443588,7.158158158158158,2.476518555384994,0,6.768224185010798,18.65
-6.720595499616467,3.6660142778510867,1.3677354709418836,2.778286258120522,3.434075365139241,12.70018079063411,1817.2207014028056,15.450707091527653,1.8077955911823647,5.859472934895639,7.944889779559118,1.8892080754062301,0,7.7251834030277715,19.22
-7.242815708912094,3.8993857995489627,1.3663490471414241,2.9167636611787384,3.198208042836355,12.820375035266496,1806.8138716148446,16.32418816525761,1.8054663991975928,5.9509163496700115,7.886659979939819,1.95233897162187,1,7.641923240178541,19.11
-7.9730465217115745,4.197219304740108,1.3643430290872618,3.101238327100248,2.913946498634504,12.966625009298987,1791.7562186559678,17.508881054954838,1.8020962888666,6.076724379214009,7.802407221664995,2.037283927210002,0,7.52287191814789,18.97
-9.086419753086421,4.60034123345339,1.3611111111111112,3.3658005107082904,2.557158307651163,13.145944881599343,1767.496666666667,19.258641958147603,1.7966666666666669,6.264171805615631,7.666666666666667,2.160246899469287,2,7.334513944137507,18.72
-10.887788742355454,5.1497016632218875,1.3553159478435308,3.761964988869442,2.1109856045796516,13.331791313595321,1723.9967803410232,22.027590848175105,1.7869307923771316,6.557001730632045,7.423269809428286,2.3451822487304788,2,7.007025117525604,18.26
-11.645138632125622,5.34670975409656,1.3526026026026028,3.91979743550138,1.9559743776461436,13.370036921512218,1703.6297597597597,23.197613388684527,1.7823723723723726,6.676409560207562,7.3093093093093096,2.418526968243179,2,6.858041199425033,18.04
-12.320000000000002,5.504703443420001,1.35,4.057204129667899,1.8292119643111415,13.381611359171915,1684.094,24.257397570470456,1.778,6.780952473836459,7.200000000000001,2.481934729198171,1,6.7176485790314,17.82
-13.43424323597094,5.723322070514241,1.3451903807615229,4.279198329301877,1.6370223620433304,13.344821261497524,1647.9918436873745,26.075113751463476,1.7699198396793587,6.9494791439996835,6.997995991983968,2.5828934684424394,0,6.4644587067006105,17.40
-13.625148263245107,5.75441177728976,1.344282848545637,4.3168215669118135,1.605631531070286,13.330025842208729,1641.179689067202,26.39943965526113,1.7683951855566702,6.97779212816321,6.959879638916751,2.59974444881687,1,6.417569995311092,17.32
-14.289281624489927,5.843655420084368,1.340863453815261,4.4473500562787605,1.498399185289629,13.253405810801935,1615.5128915662651,27.572476819428648,1.7626506024096384,7.074781260440996,6.816265060240964,2.6573714452473824,0,6.243355311372695,17.01
-14.957980516443282,5.893557097379334,1.336847389558233,4.579310465054374,1.3909320070976556,13.123478208233434,1585.3673493975905,28.85696984109255,1.7559036144578313,7.169479738976676,6.647590361445783,2.7138097335567317,1,6.043559615814955,16.63
-15.45489427158104,5.889293602891729,1.3332497492477433,4.679203451133944,1.3080661795979631,12.972606333431685,1558.36259779338,29.926938010690645,1.7498595787362086,7.236971956088286,6.4964894684052155,2.7546327737639187,0,5.868847552666319,16.28
-16.103607199883868,5.770336266523351,1.3268072289156625,4.817475637846407,1.1838939899957084,12.62577461393501,1510.0034939759034,31.660118116101593,1.7390361445783131,7.317245052674999,6.22590361445783,2.806005408433064,0,5.565622235630429,15.61
-16.413332043031563,5.561192859465579,1.321285140562249,4.8964008770678635,1.0964013333749016,12.253963296063088,1468.5533734939756,32.960518903915954,1.7297590361445785,7.344406912167324,5.993975903614458,2.828775661375651,0,5.315104657530904,15.00
-21.18191493206855,9.66176597848328,1.3542585170340682,6.471012992295365,1.0957393379461458,13.196960817929801,1758.72746492986,15.679722129900087,1.7900801603206418,6.36380916305306,7.002004008016033,2.119665529251198,0,6.350021280614891,7.81
-31.99884679279365,12.308406725978216,1.303664658634538,8.364806733837412,0.7869329528302021,14.685544281296533,1714.6757730923691,24.23659608482949,1.7658433734939756,7.584795344963331,6.146586345381525,2.5539555889198615,1,5.270422475274493,13.67
-34.08523917168416,12.86891816469661,1.2938066465256797,8.491107572400283,0.7309904112765049,14.941595099006312,1667.5584390735144,24.460796387694334,1.7765055387713997,7.655613200509206,6.1591137965760305,2.679386835986733,1,5.106288159326262,14.35
-22.900259673231066,8.98243949478405,1.326506024096385,6.3380384001398715,1.0110486341411833,14.042421165211412,1648.8094176706823,29.946539501076103,1.7155622489959836,7.308046061900464,5.761044176706826,2.412552622156649,1,5.346393503433705,17.79
-8.872755531102284,4.9966017494988195,1.3670340681362725,2.9109970521647774,2.737188578665396,13.422755946902042,1809.3456513026053,16.188770007334366,1.7995190380761523,6.292083984112383,7.798597194388777,2.0155999907515327,0,7.53602017491923,18.81
-19.556281912072922,8.897161240011075,1.3682412060301505,3.215892488013367,1.3521968374448876,14.695343389657646,1799.4776884422108,17.481122138748972,1.7500703517587937,8.113942352314362,7.002010050251255,2.4110290928006557,1,6.638924696270826,16.23
-14.99897189167915,7.043089713698489,1.353306613226453,3.4289854528491808,1.548167258141493,13.472870210374296,1723.5315731462927,19.75207945376037,1.7895490981963926,7.086381535380877,7.469939879759519,2.3613025421966483,2,7.013532880620536,29.47
-23.917468750789126,9.653989220223277,1.3615577889447237,3.852091166174924,1.0776708217851505,14.783747709024324,1743.4793065326633,21.46389278809987,1.7229849246231157,8.459114503080947,6.4603015075376895,2.5604612315242017,1,6.055203861538574,14.71
-16.38814777404611,7.550984538922901,1.353819095477387,3.6806044683703494,1.4901105169838846,14.225026271857104,1716.7034271356783,21.27382264599025,1.775608040201005,7.36614667547681,7.2341708542713565,2.4532694196073694,2,6.767903328271083,24.19
-21.555555555555557,9.113594964048177,1.3583333333333332,3.9282970781796585,1.193506521590009,14.89751712761875,1726.9116666666666,22.295171903735444,1.7383333333333333,8.13150103704792,6.666666666666667,2.5603819159562025,1,6.228043002903359,15.58
-17.15763136953488,7.793037605029782,1.354162487462387,3.828840927970708,1.4504734418542904,14.531942927761257,1712.550672016048,22.1745573382144,1.7667803410230694,7.501912919463942,7.085255767301906,2.4980942103593353,2,6.617031971860321,20.78
-17.892586550844676,7.953404217205524,1.3545226130653267,3.999147894602737,1.4022470122568949,14.695343389657648,1707.3317286432161,23.224026521205758,1.7564723618090452,7.613047213178657,6.910552763819095,2.538752749599277,0,6.443820578124074,16.61
-9.379612000000002,6.522383665672213,1.34115,3.8666279018809036,2.1429378282072435,12.8901397200822,1559.3256400000002,22.16339862168549,1.8178900000000002,6.1750804986633065,7.843000000000002,2.674014023897407,1,6.879376367214775,19.08
-8.691358024691358,6.745746271335683,1.338888888888889,3.8479744794587982,2.325719133568095,13.145944881599343,1537.6344444444444,22.637531140070898,1.8177777777777782,6.303257201220906,7.888888888888889,2.7666443551086073,2,6.849318200855331,18.47
-10.181045467008598,6.658416843030136,1.3384538152610443,3.9202882305091267,1.9554976182624333,12.888782520655253,1544.6773293172691,22.850864092131335,1.814558232931727,6.371653609474391,7.76706827309237,2.74958190311275,1,6.77232613397936,19.08
-8.0,6.937218462755804,1.3250000000000002,3.268020391639395,2.084544432404431,11.526292643287958,1446.81,23.277259078545207,1.825,6.827362079110742,8.25,3.112474899497183,2,6.853939203161014,21.49
-17.888888888888886,9.517473642030689,1.3416666666666666,3.3448228615742237,1.1687962726426147,14.89751712761875,1403.4866666666667,32.5910771435408,1.7483333333333333,8.695854666906545,8.166666666666668,3.435921354681384,0,6.406819485748455,15.05
-12.740740740740742,5.784424558921776,1.35,4.619330107128324,1.7628872589040134,13.145944881599345,1708.548888888889,31.70168230892528,1.846666666666667,8.48567456573513,7.333333333333334,2.5819888974716116,1,7.089701301369863,19.60
7.673414966204954,5.123916050550507,1.3750501002004005,2.8695013145332653,2.3679872187831004,10.502286440593398,1730.1516833667336,22.242167563648135,1.785070140280561,6.021808783596522,8.002004008016032,2.3700697147741767,2,7.547826846551404,4.45
-0.5322800277755242,5.733638739621683,1.3452952952952955,4.71409727230329,33.28315425814022,11.499487279661963,1540.5867967967968,30.990194860347557,1.7434134134134136,6.874206105836341,6.811811811811813,2.969417124399888,2,6.09783585368676,4.12
-0.25167336010709507,5.287393778264454,1.372690763052209,2.7864774004413446,96.02970102305676,14.4289078158591,1674.9789959839359,19.498404300629964,1.7610040160642568,8.100126802265159,8.096385542168674,2.189502838241246,2,7.641860615848957,4.93
-1.8962470644680696,5.718209050560965,1.3682412060301505,3.215892488013367,12.772178481177761,14.695343389657646,1648.0871055276377,21.19447279474091,1.7555276381909546,8.137175976908988,7.911557788944723,2.351139376401036,2,7.397550951181668,4.87
-4.2201577393913,6.029589101886827,1.365160642570281,3.6077938530392215,5.598354753696458,14.732295029189762,1603.683614457831,22.490741571734354,1.7320883534136544,8.494411404288408,7.6044176706827304,2.4376029609083414,2,7.103870332604492,4.57
-3.283398654860405,5.9728321122048476,1.365160642570281,3.6077938530392215,7.300809675416995,14.732295029189762,1627.1374297188754,22.36385681990944,1.7545783132530117,7.907257464480138,7.684738955823292,2.4328343065612255,2,7.133580014941352,4.40
-1.7047144400896765,6.1088777408343615,1.3611445783132528,3.546755558520621,13.747260779651276,14.732295029189762,1590.7334136546183,23.02953465026274,1.760200803212851,8.125978696045964,7.925702811244978,2.5952733542277944,2,7.215101529891091,4.90
-3.950080934880872,6.155083222863135,1.362136409227683,3.6858781755577654,6.065533307608906,14.870578017997424,1611.1914042126377,23.28242401830725,1.7480140421263792,8.168829412233768,7.657973921765296,2.5344900921889946,2,7.0730086948390305,4.80
-5.111111111111111,6.358785762911094,1.3583333333333332,3.9282970781796585,4.629196177604013,14.89751712761875,1588.2066666666667,24.4666245170817,1.7433333333333332,8.177210241048984,7.499999999999998,2.629955639676583,0,6.8767926735728455,4.75
0.13879462331476566,5.044198903136157,1.3654308617234465,2.4340397671244265,149.5223171941622,11.999730881471766,1729.4465931863724,17.446055562654273,1.8331663326653302,5.668518852517203,8.771543086172343,2.0968321902611864,0,8.03828080755916,6.34
-1.7009602194787372,5.609742251156074,1.3611111111111112,2.8861501272920265,12.4418071918583,12.451333164627076,1699.6588888888887,19.55346163774116,1.8248148148148147,6.049871548929929,8.555555555555554,2.3306863292670035,0,7.758780508676509,6.26
-2.4974234286543764,5.811720710071046,1.3591365461847391,3.0591856593888527,8.503163548787386,12.594384687133513,1686.1482630522087,20.42258610509277,1.8211044176706825,6.2050895614384025,8.458835341365461,2.422558027909826,0,7.6356307033886495,6.23
-3.2799225705920865,5.994595108646103,1.3571142284569138,3.2231231796691726,6.483849217181111,12.717670343300655,1672.2027555110217,21.284904522945777,1.8171943887775548,6.3566141426776355,8.357715430861724,2.510358418625175,0,7.509492278086601,6.19
-4.591700879971912,6.266372684489096,1.3535105315947842,3.4845240495625376,4.621379397538528,12.882090219957776,1647.2475727181543,22.739403115754584,1.8101203610832497,6.605149534197369,8.175526579739218,2.650917754924842,0,7.287472973649856,6.11
-5.784229317843199,6.472309849743892,1.3499999999999999,3.701845813592459,3.6403163720228777,12.972606333431687,1623.1452758274822,24.027313650209436,1.8034403209628884,6.817920477129226,8.00200601805416,2.7682096999310346,0,7.079756903822932,6.04
-6.7787840209477075,6.621450846275953,1.3467935871743486,3.8796824628444684,3.0743214585890577,13.017538042767509,1600.9295390781563,25.15020846212001,1.797134268537074,6.9937848094414905,7.839679358717435,2.862995316405234,2,6.891307341410064,5.97
-7.703703703703704,6.277089508570532,1.35,4.276668660663897,2.7801227520414735,13.145944881599343,1629.19,26.94320506379527,1.7688888888888892,7.017768305745883,7.222222222222222,2.779999111821512,2,6.5367485449006235,5.24
-9.3125,7.615712998311862,1.36875,3.624316864472036,2.6632449083557805,13.864049912691398,1788.905,23.41676897974611,1.72125,7.571829177715615,6.75,2.5860201081971503,2,6.478473361850443,5.73
-11.087194767808892,8.350286101311339,1.364321608040201,3.77436092507637,2.271521787468309,14.528436246140302,1733.4834974874368,24.17372271970478,1.7299296482412059,7.922988187785644,6.856281407035175,2.7466650845414744,2,6.386940670702616,5.45
-12.252054241054516,8.780625469693039,1.3615577889447235,3.8520911661749286,2.049943838743621,14.783747709024322,1698.8941909547734,24.451581975079183,1.7353467336683417,8.115387615062255,6.922613065326632,2.8403130279095494,2,6.3308929245946794,5.28
-13.666666666666664,9.238606596876599,1.3583333333333332,3.9282970781796585,1.807911809037132,14.89751712761875,1658.54,24.56517228087902,1.7416666666666667,8.316554768469889,6.999999999999999,2.9439202887759492,2,6.266523604603369,5.08
-15.415691522941335,9.689250325311066,1.3545226130653265,3.999147894602728,1.5355765595311637,14.695343389657646,1610.848683417085,24.36407463569869,1.7491356783919598,8.52474973043737,7.091457286432159,3.0593258670397248,2,6.1918308033224,4.84
-5.480658625827331,3.746001133767997,1.3838014042126379,2.877596177314143,3.951143707574616,12.314195348971197,1758.5290170511532,18.238513537376356,1.7193681043129387,7.543756443934475,7.188565697091274,1.6433659372635527,1,7.244061350461097,3.52
-7.2592592592592595,4.34383339346563,1.3777777777777778,3.468679543162349,3.002666665360343,12.662552978116189,1721.3855555555558,20.74344779667919,1.7144444444444447,7.510555855252435,7.0,1.8257418583505538,1,6.969236475678903,3.48
-12.043465688892816,5.833964871824682,1.3646793587174346,4.663653708301642,1.7189383362348505,12.70018079063411,1630.0535571142284,27.552292917067117,1.655380761523046,6.352587365389735,5.883767535070139,1.8749795013089592,1,5.877490566618319,3.03
-17.990963855421686,7.317228474519077,1.3590361445783132,4.9176164001271845,1.1852806830999802,13.253405810801935,1608.970722891566,28.670082427351296,1.635441767068273,6.159423334906864,5.362449799196787,1.92013104642149,1,5.306413053077049,3.08
-19.0086649114847,7.3150914151404685,1.3498996990972918,5.240838256449667,1.0594256372838273,12.972606333431685,1552.3686158475425,30.893102662981676,1.6333099297893683,5.919171908017433,5.164493480441323,1.9510106089913537,1,5.055767487720654,3.02
-14.782401366587223,5.849656683947843,1.342828485456369,5.425127329778225,1.2290795221063748,12.134034870590744,1497.3376128385153,32.5890472720939,1.6467201604814443,5.846440231512507,5.334002006018054,2.031787837705584,1,5.159654336384956,2.90
-15.308799999999998,5.337913001470144,1.3279999999999998,5.643070480480473,1.0400246328054557,11.313483793919499,1407.3056000000001,35.01087177830969,1.6408,5.440033487321883,4.96,2.0489997559785116,1,4.706249048407879,2.79
-14.966641667069885,4.743501655467883,1.3170180722891565,5.662340622040149,0.9394048804704368,10.487892951371732,1340.5682429718872,36.21784093489778,1.6364959839357431,5.09850988024411,4.684738955823293,2.018242115574051,1,4.3883071340131545,2.71
-12.87477560331083,4.843762356491807,1.35,4.683682084745749,1.4777057728588219,11.46902840360712,1658.8266733466933,28.26016576556797,1.7420841683366732,6.829783490763446,6.535070140280561,2.526864189138562,1,6.1128506903194,4.80
-13.206756000000002,4.857258037992328,1.3476,4.779949140660622,1.4254236239092737,11.439578815538738,1645.6219500000002,29.182125588516904,1.7363300000000002,6.849622136458241,6.415000000000001,2.544950883612491,1,5.993828448417327,4.85
-13.600000000000001,6.451666451390681,1.3900000000000001,5.286668509603982,2.1057283955952686,13.381611359171915,2140.094,32.6457120220719,1.7140000000000004,13.199463936876802,4.8,1.16619037896906,1,6.565952965890182,19.22
-13.747750036289736,6.298213042435667,1.3727409638554215,4.751517663897203,1.9417428799757903,13.253405810801935,2014.1687449799197,28.273334836056502,1.6127510040160642,2.523636804923591,4.727911646586346,1.0524708240930805,1,5.8599223395847755,19.82
-14.560000000000002,6.814736972180219,1.37,4.9506058270987365,1.835830247271823,13.381611359171915,1997.4940000000001,29.780590292026353,1.608,2.4688349802586047,4.6000000000000005,1.019803902718557,1,5.756965516801361,20.99
-15.407407407407408,7.321708188286732,1.3666666666666667,5.173952057462543,1.6870045702742842,13.145944881599343,1977.2155555555557,31.54717630323804,1.6022222222222222,2.3496635708872953,4.444444444444445,0.9558139185602919,0,5.6374719179818005,22.41
-3.650009437713101,2.474884147867675,1.3874749498997994,7.538584586717688,3.0166989350904214,12.303991503071277,894.9111823647294,30.411915766072866,1.4848096192384768,20.786676164717345,4.3086172344689375,4.092241289235303,1,2.952107277479623,10.60
-3.3004204802390342,1.5151676245308856,1.3812625250501,7.504974801366744,3.1461471315614147,12.303991503071275,843.9219438877756,26.026736734993456,1.4420040080160321,18.007623747305228,4.278557114228457,3.99254830982131,1,2.7419550653004245,6.74
-8.444444444444443,6.616788722946745,1.3166666666666667,3.580287499678725,1.4492063888765545,9.134370805974772,1339.7466666666667,24.22963921998228,1.8066666666666666,7.700603968527378,7.999999999999999,3.559026084010437,2,6.296242135021097,6.47
-6.4,9.054501642829385,1.3800000000000001,5.886984351185478,2.6349856379951913,13.381611359171915,1260.23,40.60711246331009,1.588,10.630200426201103,5.800000000000001,3.709447398198282,1,4.331057940656318,2.16
-6.329599999999999,8.31359303858061,1.456,5.69019647725494,5.491844809454144,14.500757428557808,2397.1976,26.816540292647677,1.4788000000000001,7.833277541093321,4.319999999999999,0.6144916598294887,0,9.088964376412575,378.11
-0.40000000000000036,14.116741833723532,1.4300000000000002,8.00386233724447,42.55637399421551,12.946558646037076,1314.8319999999999,45.64672847720338,1.383,16.300443586038448,2.8,1.0770329614269007,0,2.670243532305674,4148.41
-6.080000000000002,4.077175492911729,1.4000000000000001,6.388765649999398,1.5441323065482349,13.381611359171915,701.5840000000001,28.71573251510513,1.5020000000000002,22.135123001175756,6.4,5.462600113499065,1,3.8794067328317596,14.31
-3.883068742695812,2.5237943998142494,1.3874749498997996,7.538584586717685,2.5062220392863446,12.303991503071275,790.9492184368737,24.044189401419054,1.4457314629258518,18.43755540756902,4.4649298597194385,4.355480796770001,1,2.897461632003854,9.66
-16.840000000000003,10.564435432146862,1.42,6.899971106431489,1.8720982263059172,14.534240623500711,2169.094,34.563400964572416,1.5820000000000003,13.755647140514112,4.3,0.9000000000000001,0,7.147250401942271,71.83
-4.765101344974518,4.821525677738667,1.4030561122244487,3.945400816126867,6.523400173757208,12.70018079063411,2447.576412825651,25.800854496609325,1.5699699398797593,3.1964320748731256,4.648296593186373,0.5867201934305443,0,8.799324591210613,127.36
-8.395061728395063,6.213232571408879,1.3944444444444444,4.611887212267017,3.699292668376473,13.145944881599343,2362.385555555556,29.87435995906601,1.5722222222222224,3.155775768447505,4.555555555555555,0.6849348892187752,0,8.460857346625769,125.14
-13.440000000000001,7.484426497735149,1.38,5.422691864889768,2.2098516459831776,13.381611359171915,2219.494,35.819219560983115,1.576,3.072009755560965,4.4,0.8,0,7.891870035545023,120.98
-4.868452035619202,7.244137587539883,1.4460460460460458,5.3957786358887345,6.408727258063401,13.466729338672286,2316.8640640640638,25.666824162028558,1.4987587587587587,7.115266027356363,4.340340340340339,0.5870510311697626,0,7.709495527472452,94.26
-8.6176,8.527177148204675,1.4309999999999998,5.75788876453236,3.6214540160608704,13.778674094945384,2264.9669999999996,28.882752624215254,1.5142000000000002,6.5857490386655515,4.3,0.6403124237432849,0,7.557222162268046,96.60
-4.413622832041249,7.276095328462832,1.45005005005005,5.20806426763521,6.75878705439838,12.633780941366673,2361.1883883883884,26.409938055700778,1.4935535535535536,6.911414519768703,4.340340340340339,0.5870510311697626,0,8.09219215949076,106.95
-15.120000000000005,9.638789965550659,1.4050000000000002,6.2556568794473115,1.7673279961942456,12.511505932902235,2135.7940000000003,34.625382114922836,1.5470000000000002,5.243914857752313,4.200000000000001,0.7483314773547883,0,6.848966848462665,76.86
-16.25,7.749495951350642,1.3625,5.427596131284047,1.3844797542106373,11.526292643287958,1951.8675,33.67072689112985,1.595,2.102885245297606,4.25,0.82915619758885,0,5.496265860769038,24.17
-10.8641975308642,8.60141985270857,1.4166666666666667,6.44379479417842,2.5460891265368972,13.145944881599343,2104.1633333333334,23.87590799373325,1.5344444444444445,7.4058031429663105,4.333333333333334,0.6666666666666667,1,6.073133564843269,24.86
-17.440000000000005,10.385790292510245,1.4000000000000001,7.142857142857138,1.5246857592971532,13.381611359171915,1987.094,29.793842535042902,1.5420000000000003,7.144196811372455,4.2,0.7483314773547883,1,5.759532031220963,23.87
-21.571494814599763,11.081396577455491,1.3862951807228914,7.549801536319064,1.1617148624631566,13.253405810801935,1890.8291566265061,33.89043650991713,1.5482128514056224,6.899734600694233,4.090361445783133,0.7927048592350987,1,5.497939903827463,22.94
4.160000000000001,3.8404999674521556,1.3800000000000001,1.7749925672341786,5.555794131115194,13.381611359171915,1727.154,16.243467648900854,1.764,7.72806947299409,8.200000000000001,1.7204650534085253,2,8.046779689703808,15.41
1.4444444444444442,3.8684648862477333,1.375,1.8181818181818077,17.814743201734778,14.89751712761875,1727.295,14.826990208273791,1.788333333333333,7.594811829218763,8.499999999999998,1.707825127659933,0,8.181535204567078,14.35
-8.125,7.262852293520776,1.375,1.8181818181818077,3.853621771584184,17.289438964931936,1810.97125,15.00677504897697,1.7375,8.55480086111928,7.5,2.29128784747792,1,7.258364590163934,14.16
3.2000000000000006,4.051666323872192,1.37,1.7879487173599762,7.397329668828936,13.381611359171915,1768.9540000000002,14.773359013677734,1.836,5.022719774901308,8.8,1.7204650534085255,0,8.331325886422599,16.69
1.981672198139052,3.8547905953457002,1.3710631895687062,1.8006525765308659,12.047772708091802,13.331791313595321,1790.812326980943,13.955720591679999,1.8325977933801405,5.097522566824699,8.683049147442329,1.6871226033183415,0,8.298256669373645,17.32
0.49382716049382736,3.534533592875241,1.3722222222222222,1.8105813582994144,48.30672335376546,13.145944881599343,1814.641111111111,12.925065666781332,1.8288888888888888,5.170819643001997,8.555555555555555,1.640535895581489,0,8.262106792998233,18.02
-8.444444444444445,8.579811695152747,1.375,1.8181818181818077,3.171339341635983,14.89751712761875,1797.6283333333333,13.74200835143245,1.7866666666666666,7.766663543469645,7.999999999999999,2.3804761428476167,1,7.431738252812705,14.85
-6.722128270468376,8.169810369154675,1.3741223671013039,1.8182216561636562,3.9655487199238793,14.870578017997422,1792.5952256770313,13.937249956195826,1.7953259779338013,7.414735457677916,8.140421263791373,2.2987373934142306,1,7.578853199467698,15.18
-3.671099214666296,7.294401241455522,1.3727135678391962,1.8135775435417854,7.14338489167273,14.695343389657648,1784.5159497487439,14.237648255751298,1.8092261306532662,6.756570704803691,8.365829145728645,2.141909679780279,0,7.824167351160576,15.70
-15.166666666666668,7.5703490794801,1.3583333333333334,3.928297078179658,1.6726801263706792,14.89751712761875,1702.9,17.280529821455875,1.8066666666666664,8.614477881866236,8.999999999999998,2.581988897471611,2,7.27029942339374,390.06
-4.16,2.1975986894790416,1.38,1.7749925672341842,5.7939803798414555,13.381611359171915,1801.2000000000003,11.899187186641038,1.7660000000000002,7.834759028959444,8.0,1.4142135623730951,0,8.027647867162898,16.27
-4.574103633162693,1.9329309651620206,1.3881381381381384,2.6254860268001092,5.9933195744446275,13.365066001600724,2051.1731731731734,20.592790387839944,1.8795595595595598,8.313281007933814,7.855855855855856,1.5924129559462612,1,8.63526121469675,18.74
-4.34567901234568,1.8575110399090216,1.3833333333333333,2.4096385542168632,6.006427032123928,13.145944881599345,1985.5555555555557,18.334954210553363,1.8577777777777778,7.560527795722721,8.0,1.5634719199411433,1,8.473433374651378,19.07
-4.150755174248925,1.7870661243572574,1.3801905717151455,2.226224924579159,6.000190290310964,12.820375035266496,1942.6359077231696,16.103381437089116,1.843530591775326,6.893357798573355,8.094282848545635,1.5369528569511104,0,8.363639687869902,19.31
-9.959676421440852,6.176069782325364,1.3824473420260783,2.5072702142957084,2.8695645313066063,14.38475208490177,1986.8214643931794,19.024210362117998,1.8528184553660985,8.804261357851686,7.829488465396189,1.8899016439457155,1,8.185047522604853,20.26
-10.243292195613671,6.400692153682449,1.3791082164328656,2.3202881626614413,2.6857140588224486,14.167109697725582,1941.8607214428857,16.846947812475204,1.8376152304609215,8.258258238985864,7.9198396793587165,1.8906973971643335,1,8.056299256980763,20.60
-10.648606474089128,6.711401585400427,1.3740461847389558,1.9384470150390603,2.3499433514028634,13.358012948551204,1873.3042168674701,11.247941859463387,1.8141867469879516,7.117743254109395,8.055220883534137,1.8841877574772987,0,7.85085183926735,21.13
-3.75,1.6369751067135994,1.375,1.8181818181818077,5.753156868019796,11.526292643287958,1871.75,9.636562463764264,1.82,5.31293395764113,8.25,1.479019945774904,0,8.175043328498912,19.73
-3.7348339330321316,1.6245817446603565,1.3754254254254255,1.8173562550167852,5.783506523600316,11.523148723301299,1874.5255255255256,9.66591130190442,1.8183283283283282,5.331594675126249,8.21921921921922,1.4762012603815724,1,8.162492552242377,19.87
-16.320000000000004,8.371723836821186,1.3800000000000001,1.7749925672341786,1.5461008810572645,13.381611359171915,1885.6000000000001,8.681092697989397,1.764,8.021892494924591,7.3999999999999995,2.154065922853802,1,7.151614207221351,16.93
-11.555555555555557,6.887981709372796,1.3777777777777778,1.803280627015958,2.138112093002432,13.145944881599345,1879.4444444444446,9.122036931530534,1.788888888888889,7.082924367775617,7.777777777777779,1.9309052441091963,1,7.580583434650456,18.20
-8.85326390404916,5.741577549250571,1.376730190571715,1.81154282219708,2.7174136589478266,12.820375035266496,1876.542627883651,9.320557899692625,1.8006218655967903,6.512991812600216,7.955867602808425,1.7887585488157576,0,7.796650960643345,18.78
-10.706315220722246,6.769886346774936,1.372690763052209,1.813454326192119,2.227499893275095,12.853500969701516,1855.3945783132529,8.804619075300057,1.8084036144578313,6.7307222280137,8.09437751004016,1.8786286211064673,0,7.8004235380590945,21.31
-5.5,2.468552207266437,1.375,1.8181818181818077,3.769621616748039,11.526292643287958,1798.75,13.31833414392693,1.75,8.599952539024233,8.0,1.5811388300841898,0,8.06611853448276,20.29
-9.120000000000001,4.359192585789255,1.37,1.7879487173599762,2.7520340203139075,13.381611359171915,1875.6,14.059354374562835,1.726,8.279986134391585,7.4,1.854723699099141,1,7.618977876106196,20.72
5.0,3.3166247903554,1.3625,1.589037438136575,3.8410044710103146,11.526292643287958,1666.1925,10.831318957191925,1.88,1.6394718093002563,9.5,1.118033988749895,0,8.631376365622724,18.67
4.638295953611269,3.2423583443330215,1.3624624624624624,1.5874873584844467,4.155513717714158,11.516175357586558,1673.6895595595597,10.500538324406453,1.8797897897897897,1.6348155565857367,9.467467467467468,1.0999557242398355,0,8.630160072738102,19.52
5.333333333333334,3.5732583985755073,1.3722222222222222,2.4957141712424917,3.788940666205664,13.145944881599345,1537.1799999999998,26.192258076450432,1.8888888888888888,2.034307819504772,10.0,1.763834207376394,1,8.323903805645275,18.94
5.065587937332559,3.3651105860699198,1.3639919759277834,1.77940586987433,3.915635719069763,12.047538283922728,1646.3941925777333,14.19396712996951,1.8813640922768307,1.7150101945840985,9.576730190571714,1.2522317651305888,0,8.578237647812948,18.72
-2.24,5.683154053868328,1.36,1.4705882352941124,10.57119817279826,13.381611359171915,1769.554,14.82174030611284,1.8299999999999998,5.668328952957351,8.6,2.0591260281974,0,8.048046254891,19.37
-4.0,1.9685019685029528,1.375,1.8181818181818077,4.917404598942725,11.526292643287958,1706.5,6.572617264008477,1.7925,7.971781959522025,8.5,1.118033988749895,0,8.245835379061372,18.23
-8.96,4.304862367137886,1.37,1.7879487173599762,2.6909584092584775,13.381611359171915,1801.8000000000002,11.954119321045548,1.7600000000000002,8.14702196769769,7.800000000000001,1.7204650534085255,1,7.755445308162132,19.03
-1.34909684459234,0.5093036487863196,1.367017017017017,1.733056657902847,11.978728998825185,9.133398635587037,1769.3813813813813,1.9228311488485403,1.872922922922923,1.7699941609907426,8.99099099099099,0.8195062595418946,0,8.517387086354017,23.04
3.875,4.335339204217474,1.375,1.8181818181818077,5.643833390610551,12.967079223698953,1686.5675,15.148071906618135,1.8112499999999998,6.95869859791752,8.875,1.7633419974582356,0,8.24613506054131,5.07
4.6875,4.148025520974557,1.38125,1.752481152130052,4.5932990813646395,12.967079223698953,1660.4425,15.691339653361164,1.7662499999999999,8.238412070543285,8.5,1.8027756377319946,2,8.070056043569922,4.18
-0.5056128126965697,3.901894891695249,1.3785642570281127,1.7949556505144075,43.09744185758272,12.880998470496662,1691.6870883534139,14.579666725537752,1.7585140562249,8.804843662904052,8.428714859437752,1.7607782698233214,0,8.084699745295016,5.22
2.7200000000000006,4.235582604553948,1.38,1.7749925672341842,8.45773922594332,13.381611359171915,1719.154,16.27779184277441,1.77,8.013841006326391,8.4,1.854723699099141,2,8.058200310998021,5.01
0.09876543209876554,3.8134218550494796,1.3833333333333333,1.70387176189529,234.16860114891114,13.145944881599343,1759.307777777778,15.133735011164465,1.7555555555555558,8.109667320786809,8.11111111111111,1.7284832429004495,0,7.959941694169418,4.90
2.3703703703703707,4.2633109295038665,1.3777777777777778,1.803280627015958,9.477737394807841,13.145944881599343,1708.948888888889,17.157153306491697,1.7633333333333334,8.394557017457283,8.444444444444445,1.9499920860871383,2,8.07843032207384,5.55
3.5555555555555562,4.434075696515167,1.3777777777777778,1.803280627015958,6.438448343583156,13.145944881599345,1741.3933333333334,16.45070380742816,1.7944444444444445,7.132309894727889,8.555555555555557,1.8921540406584891,2,8.12587229846979,5.33
2.609776455218464,4.045032008066892,1.38574297188755,1.6290227449316488,8.87683605864752,12.88099847049666,1798.5063654618473,15.8470037145854,1.762821285140562,7.296710326188488,7.997991967871485,1.7721620176504616,2,7.905451068554376,4.66
4.6400000000000015,5.452250911320939,1.3900000000000001,2.6918398465999576,5.752229841138313,13.381611359171915,1994.554,26.121388408052958,1.892,8.5185368363238,8.2,2.039607805437114,0,8.7171256684492,8.75
3.0094959824689553,4.4286026608205455,1.3770270270270273,1.8095278620790654,6.851521860783218,11.439136305340474,1802.551081081081,15.43949327468681,1.818918918918919,5.591743361164967,8.567567567567568,1.882214632051908,0,8.151454397960364,5.70
-14.400000000000002,11.939179201268402,1.4100000000000001,5.211680303793996,1.7107590943134008,13.381611359171915,1840.9540000000002,16.195464038586213,1.726,12.590430896960072,7.8,2.5612496949731396,1,7.642828258801141,10.67
1.75,4.23434617148858,1.375,1.8181818181818077,11.171892076771549,11.526292643287958,1696.1925,18.19542199313029,1.755,8.83190883190883,8.5,2.0615528128088303,2,8.103732142857144,6.22
-13.280000000000003,7.233544082951318,1.39,1.4388489208633004,1.8498465461722735,13.381611359171915,1835.8,11.987312444992806,1.698,8.762174281930406,7.0,2.0,1,6.923895758354756,4.58
-4.748872,1.6990704510434171,1.3829500000000001,1.7138918850274187,3.6743866422528613,9.091781140307338,1919.2269999999999,10.55233032239595,1.7943799999999999,6.003968162655341,7.942,1.6854186423556612,2,7.945750634745313,6.00
-4.000000000000001,3.5721142198983507,1.47,4.613829920493385,7.697771934363642,13.381611359171915,2301.0,12.562628527172254,1.4860000000000002,9.757506842741241,4.6,0.8,0,8.235104700854698,559.97
-4.920000000000001,3.389900293518971,1.4499999999999997,3.77739694831149,7.144229171519128,14.534240623500711,2418.4,18.240120612562443,1.592,13.807098492756072,4.9,0.8306623862918076,0,7.995408725276804,68.39
-4.640000000000001,3.054020301176795,1.43,4.7428881000876,6.449705957683635,13.381611359171915,2236.4,12.144458706766262,1.5520000000000003,7.595444344480086,4.8,0.7483314773547883,0,6.562205721003134,23.11
-5.0,3.640054944640259,1.45,4.223258177212384,5.186255374847416,11.526292643287958,2249.75,13.431967276829326,1.5325,8.115721346709785,4.75,0.82915619758885,1,6.64778745318352,23.21
1e-06,0.0,1.77,1.3838925100469917,22553367.784748346,13.381611359171915,1685.3999999999999,4.484043528366462,1.194,4.020100502512559,2.4,0.4898979485566356,0,7.564923267582362,528.25
1e-06,0.0,1.7600000000000002,1.136363636363642,23115395.461833566,13.381611359171915,1727.4,7.297929140463504,1.208,4.894617714931946,2.4,0.4898979485566356,0,8.65050541592176,2792.68
1e-06,0.0,1.77,1.3838925100469917,23064545.33866871,13.381611359171915,1723.6,7.167393877632754,1.202,4.6589018302828595,2.6,0.4898979485566356,0,7.745365599248984,1687.31
-1.6000000000000003,2.3117093242879823,1.48,4.054054054054059,20.442084052554996,13.381611359171915,2444.2000000000003,14.804114865422754,1.5860000000000003,19.517939383551933,4.6,0.8,0,8.685086263076657,513.62
2.7200000000000006,1.2083708040167145,1.48,4.054054054054059,12.412428477643653,13.381611359171915,2523.0,18.882875354323822,1.4540000000000002,8.13300990321567,4.3999999999999995,0.48989794855663565,0,9.893530612244897,510.02
0.16000000000000003,1.5612302841028933,1.4600000000000002,5.479452054794516,192.49447940168795,13.381611359171915,2301.6,12.548545033910333,1.4800000000000002,9.333133324233515,4.4,0.48989794855663565,0,8.05989310043668,562.88
2.5,1.2119199643540823,1.4875,4.3665146409299505,10.748267889866021,11.526292643287958,2331.25,13.556160227836036,1.4425000000000001,8.990441836632886,4.25,0.4330127018922193,0,8.389278152462703,629.93
-4.640000000000001,2.2196936725593472,1.4100000000000001,3.4744535358626587,8.54462028770572,13.381611359171915,2962.8,17.216826887740414,1.8500000000000003,18.561881973046273,5.4,0.48989794855663565,0,12.3761670419652,89.89
-4.543768,2.2091640419215275,1.4079000000000002,3.5067799987460546,8.641389094768419,13.326943479062582,2946.2470000000008,17.556091978279355,1.8725800000000001,18.295549910870943,5.428,0.49478884385159705,0,12.12577771961407,77.22
-6.5,2.3651109910530628,1.4249999999999998,3.0386856273138148,5.599561629898854,11.526292643287958,3157.75,11.645309955084066,1.905,19.091669389940506,5.5,0.5,0,13.65986331112756,96.08
-6.492176000000001,2.3646155143747025,1.4227,3.131375846981416,5.6314934535037935,11.507476939970006,3177.121,11.691218913430669,1.92644,18.990783099171292,5.529,0.4991582915268462,0,13.870832604732277,93.35
-2.5284753471718195,1.6222298311917511,1.4141566265060241,4.896404765341304,11.25886120752281,12.253963296063088,2323.146586345382,14.110169203354573,1.6456827309236948,14.109601278327451,4.857429718875502,0.638266839428131,0,6.883470421344072,23.26
-2.66599598192773,1.8361098300047005,1.4249247743229692,4.8583520366722714,11.418776858372071,12.972606333431685,2346.6690070210634,14.862185618300025,1.6483149448345036,15.217604745056597,4.833500501504513,0.686859820114127,0,6.987108750579804,23.34
-2.710577248754052,1.9620401070120401,1.4317771084337347,4.773130521175978,11.547260217441382,13.253405810801937,2361.637550200803,15.272363822707044,1.6499899598393573,15.878242998357436,4.818273092369478,0.7156507904939489,0,7.050188577024819,23.38
-2.7200000000000006,2.10241765593804,1.44,4.606423319938058,11.706942055252014,13.381611359171915,2379.6,15.703541294056997,1.6520000000000004,16.632285377664616,4.8,0.7483314773547883,0,7.12312239142696,23.44
-2.703355804625511,2.179214246333677,1.4447843530591775,4.475143061196589,11.786707155688513,13.33179131359532,2390.051153460381,15.926578548243683,1.6531695085255769,17.05366149026078,4.789368104312938,0.7665049847068567,0,7.164236662708526,23.47
-2.666666666666667,2.2595628211362437,1.4500000000000002,4.300755616981543,11.838471113583612,13.145944881599345,2401.4444444444453,16.148212551152543,1.6544444444444446,17.49982852517565,4.777777777777779,0.7856742013183862,0,7.207997756475628,23.50
-2.601033730788229,2.348179836425341,1.455961923847695,4.056960237325315,11.789227850369974,12.70018079063411,2414.4679358717435,16.375823082479755,1.6559018036072144,17.994261002498742,4.764529058116232,0.8068248020355312,0,7.256717033901302,23.53
-2.5,2.443102535711508,1.4625,3.725554652598865,11.197793302954251,11.526292643287958,2428.75,16.595946357900768,1.6575000000000002,18.51889767391957,4.75,0.82915619758885,0,7.3086110987296635,23.57
-8.75,5.776433804692996,1.375,4.065578140908704,3.150975552160324,11.526292643287958,2392.0125,16.752414665507775,2.21,1.9723524631405698,12.75,8.870597499605086,0,11.81551323059029,32134.77
-0.25,0.8244316223920575,1.4125,2.9350661861552125,117.15323842637879,11.526292643287958,2541.0,20.570498802868332,1.5675,3.2333548537022785,4.75,0.4330127018922193,0,9.169851377952757,129.61
-1.2800000000000002,1.5002079855806665,1.42,5.269939981371749,19.357657251453546,11.076352830514324,2237.0,12.13574888240931,1.5460000000000003,7.302026282882316,4.6,0.48989794855663565,0,6.404764626894302,25.45
-0.25,1.5983389815680527,1.4375,5.144417202695318,103.75968637487819,11.526292643287958,2250.5,13.419920647911642,1.525,7.682212795973757,4.5,0.5,0,6.458317279160008,25.96
